src,label,Grag2021_progan,Grag2021_latent
stable_diffusion_256/ann000000000981.png,True,-15.517844200134277,-14.718356132507324