src,label,Grag2021_progan,Grag2021_latent
stable_diffusion_256/ann000000000981.png,True,-6.762170314788818,21.841245651245117
