src,label,Grag2021_progan,Grag2021_latent
stable_diffusion_256/ann000000000981.png,True,-40.512062072753906,-48.707305908203125
